#,O'qituvchi,Fan\Sinf,Xona,1A,1B,1,2R,2,3,3R,4,5,6,7,8,9,10,11
1,Abdurasulov Abduvohid,Ona tili,,,,,,,,,,,5,,5,5,5,5
2,Boymurodova Feruza,Ona tili,,,,,2,,,2,,5,,4.5,,,,
3,Yuldasheva Dilfuza,Rus tili,,,,,,,,,,,4,3,3,3,3,3
4,Raxmatullayeva Xanifa,Rus tili,,,,4,,4,4,,4,4,,,,,,
5,Xazratqulov Muxtor,Ingliz tili,,,,,,,,,,,6,,,,,
6,Xazratqulov Muxtor8,Ingliz tili,,,,,,,,,,,,,6,,,
7,Xazratqulov Muxtor10,Ingliz tili,,,,,,,,,,,,,,,6,
8,Xazratqulov Muxtor11,Ingliz tili,,,,,,,,,,,,,,,,6
9,Oqilova Gullola,Ingliz tili,,6,,6,6,6,,,6,,,,,,,
10,Nematov Ilxomjon,Ingliz tili,,,6,,,,6,6,,,,,,,,
12,Fayzullayev Ro'ziqul5,Ingliz tili,,,,,,,,,,6,,,,,,
13,Fayzullayev Ro'ziqul7,Ingliz tili,,,,,,,,,,,,6,,,,
14,Fayzullayev Ro'ziqul9,Ingliz tili,,,,,,,,,,,,,,6,,
15,Fayziyev Nodirbek,Tarix,,,,,,,,,,2,2,2,2,2,2,2
16,Fayziyev Nodirbek,Huquq,,,,,,,,,,,,,0.5,0.5,1,1
17,Jurayeva Feruza,Geografiya,,,,,,,,,,,,1,0.5,0.5,0.5,0.5
18,Jurayeva Feruza,Scienci,,,,,,,,,,1,1,,,,,
19,Jurayev Jamshid,Matematika,,,,,,,,,,,6,,,,,
20,Jurayev Jamshid8,Matematika,,,,,,,,,,,,,6,,,
21,Jurayev Jamshid10,Matematika,,,,,,,,,,,,,,,6,
22,Jurayev Jamshid11,Matematika,,,,,,,,,,,,,,,,6
23,Norqulov Egamberdi,Matematika,,,,,,,,,,6,,,,,,
24,Norqulov Egamberdi7,Matematika,,,,,,,,,,,,6,,,,
25,Norqulov Egamberdi9,Matematika,,,,,,,,,,,,,,6,,
26,Mamatov Elyorjon,Informatika,,,,,,,,,,1,1,1,1,1,1,1
27,Nosirova Maftuna,Fizika,,,,,,,,,,,,1,1,1,1,1
28,Aripov Adxam,Kimyo,,,,,,,,,,,,1,1,1,1,1
29,Raxmanqulov Sarvar,Biologiya,,,,,,,,,,,,1,1,1,1,1
30,Eshmatova Nargiza,Musiqa,,,,,,,,,,1,1,0.5,,,,
31,Eshmatova Nargiza,Tasviriy san'at,,,,,,,,,,0.5,0.5,0.5,0.5,0.5,,
32,Xazratqulov Adxamjon,Texnologiya,,,,,,,,,,0.5,0.5,0.5,0.5,0.5,,
33,Tojiboyev Begzod,Jismoniy tarbiya,,1,1,1,1,1,1,1,1,1.5,1.5,1,1,1,1,1
34,Tojiboyev Begzod,CHQBT,,,,,,,,,,,,,,,0.5,0.5
35,Xoshimova Muxlisa,Psixolog soati,,1,1,1,0.5,1,1,0.5,1,0.5,0.5,0.5,0.5,0.5,0.5,0.5
36,Xisamutdinova Elvina,Пропись,,5,,,,,,,,,,,,,,
37,Xisamutdinova Elvina,Буквар,,5,,,,,,,,,,,,,,
38,Xisamutdinova Elvina,Математика,,6,,,,,,,,,,,,,,
39,Xisamutdinova Elvina,Scienci,,1,,,,,,,,,,,,,,
40,Xisamutdinova Elvina,Технология,,1,,,,,,,,,,,,,,
41,Xisamutdinova Elvina,ИЗО,,1,,,,,,,,,,,,,,
42,Xisamutdinova Elvina,Музыка,,1,,,,,,,,,,,,,,
43,Xisamutdinova Elvina,Информатика,,1,,,,,,,,,,,,,,
44,Mamasoliyeva Muqaddas,Пропись,,,5,,,,,,,,,,,,,
45,Mamasoliyeva Muqaddas,Буквар,,,5,,,,,,,,,,,,,
46,Mamasoliyeva Muqaddas,Математика,,,6,,,,,,,,,,,,,
47,Mamasoliyeva Muqaddas,Scienci,,,1,,,,,,,,,,,,,
48,Mamasoliyeva Muqaddas,Технология,,,1,,,,,,,,,,,,,
49,Mamasoliyeva Muqaddas,ИЗО,,,1,,,,,,,,,,,,,
50,Mamasoliyeva Muqaddas,Музыка,,,1,,,,,,,,,,,,,
51,Mamasoliyeva Muqaddas,Информатика,,,1,,,,,,,,,,,,,
52,Mamasoliyeva Muqaddas,Воспитание,,,1,,,,,,,,,,,,,
53,Bobobekova Nasiba,Yozuv,,,,4,,,,,,,,,,,,
54,Bobobekova Nasiba,Alifbe,,,,3,,,,,,,,,,,,
55,Bobobekova Nasiba,Matematika,,,,6,,,,,,,,,,,,
56,Bobobekova Nasiba,Scienci,,,,1,,,,,,,,,,,,
57,Bobobekova Nasiba,Texnologiya,,,,1,,,,,,,,,,,,
58,Bobobekova Nasiba,Tarbiya,,,,1,,,,,,,,,,,,
59,Bobobekova Nasiba,Tasviriy san'at,,,,1,,,,,,,,,,,,
60,Bobobekova Nasiba,Musiqa,,,,0.5,,,,,,,,,,,,
61,Bobobekova Nasiba,Informatika,,,,0.5,,,,,,,,,,,,
62,Qodirova Zamira,Пропись,,,,,5,,,,,,,,,,,
63,Qodirova Zamira,Буквар,,,,,4,,,,,,,,,,,
64,Qodirova Zamira,Математика,,,,,6,,,,,,,,,,,
65,Qodirova Zamira,Scienci,,,,,1,,,,,,,,,,,
66,Qodirova Zamira,Технология,,,,,1,,,,,,,,,,,
67,Qodirova Zamira,ИЗО,,,,,1,,,,,,,,,,,
68,Qodirova Zamira,Музыка,,,,,0.5,,,,,,,,,,,
69,Qodirova Zamira,Информатика,,,,,1,,,,,,,,,,,
70,Qodirova Zamira,Воспитание,,,,,1,,,,,,,,,,,
71,Turdiqulova Yulduzoy,Ona tili,,,,,,4,,,,,,,,,,
72,Turdiqulova Yulduzoy,O'qish,,,,,,3,,,,,,,,,,
73,Turdiqulova Yulduzoy,Matematika,,,,,,6,,,,,,,,,,
74,Turdiqulova Yulduzoy,Scienci,,,,,,1,,,,,,,,,,
75,Turdiqulova Yulduzoy,Texnologiya,,,,,,1,,,,,,,,,,
76,Turdiqulova Yulduzoy,Tarbiya,,,,,,1,,,,,,,,,,
77,Turdiqulova Yulduzoy,Tasviriy san'at,,,,,,1,,,,,,,,,,
78,Turdiqulova Yulduzoy,Musiqa,,,,,,0.5,,,,,,,,,,
79,Turdiqulova Yulduzoy,Informatika,,,,,,0.5,,,,,,,,,,
80,Jumaboyeva Umida,Ona tili,,,,,,,4,,,,,,,,,
81,Jumaboyeva Umida,O'qish,,,,,,,3,,,,,,,,,
82,Jumaboyeva Umida,Matematika,,,,,,,6,,,,,,,,,
83,Jumaboyeva Umida,Scienci,,,,,,,1,,,,,,,,,
84,Jumaboyeva Umida,Texnologiya,,,,,,,1,,,,,,,,,
85,Jumaboyeva Umida,Tarbiya,,,,,,,1,,,,,,,,,
86,Jumaboyeva Umida,Tasviriy san'at,,,,,,,1,,,,,,,,,
87,Jumaboyeva Umida,Musiqa,,,,,,,0.5,,,,,,,,,
88,Jumaboyeva Umida,Informatika,,,,,,,0.5,,,,,,,,,
89,Kamolova Lola,Пропись,,,,,,,,5,,,,,,,,
90,Kamolova Lola,Буквар,,,,,,,,4,,,,,,,,
91,Kamolova Lola,Математика,,,,,,,,6,,,,,,,,
92,Kamolova Lola,Scienci,,,,,,,,1,,,,,,,,
93,Kamolova Lola,Технология,,,,,,,,1,,,,,,,,
94,Kamolova Lola,ИЗО,,,,,,,,1,,,,,,,,
95,Kamolova Lola,Музыка,,,,,,,,0.5,,,,,,,,
96,Kamolova Lola,Информатика,,,,,,,,1,,,,,,,,
97,Kamolova Lola,Воспитание,,,,,,,,1,,,,,,,,
98,Yuldasheva Fotima,Ona tili,,,,,,,,,4,,,,,,,
99,Yuldasheva Fotima,O'qish,,,,,,,,,3,,,,,,,
100,Yuldasheva Fotima,Matematika,,,,,,,,,6,,,,,,,
101,Yuldasheva Fotima,Scienci,,,,,,,,,1,,,,,,,
102,Yuldasheva Fotima,Texnologiya,,,,,,,,,1,,,,,,,
103,Yuldasheva Fotima,Tarbiya,,,,,,,,,1,,,,,,,
104,Yuldasheva Fotima,Tasviriy san'at,,,,,,,,,1,,,,,,,
105,Yuldasheva Fotima,Musiqa,,,,,,,,,0.5,,,,,,,
106,Yuldasheva Fotima,Informatika,,,,,,,,,0.5,,,,,,,
107,Vakant,Воспитание,,1,,,,,,,,,,,,,,
108,Latipova G'uncha,Tarbiya,,,,,,,,,,1,,,,,,
109,Raxmonova So'g'diyona,Tarbiya,,,,,,,,,,,1,,,,,
110,Qaxxorova Maftuna,Tarbiya,,,,,,,,,,,,0.5,,,,
111,Tolipova Nodira,Tarbiya,,,,,,,,,,,,,0.5,,,
112,Xolboyeva Sevara,Tarbiya,,,,,,,,,,,,,,0.5,,
113,Ibragimova Feruza,Tarbiya,,,,,,,,,,,,,,,0.5,
114,Xoliqulov Umar,Tarbiya,,,,,,,,,,,,,,,,0.5
